can_id,group,priority,name,tx_period_ms,source,note
0x040,BMS(HV) BOT,PRIMARY,Global_Fault,100,설정(임의),전력·가속도 해상도 필요
0x041,BMS(HV) BOT,PRIMARY,Stack_Voltage,100,설정(임의),전력·가속도 해상도 필요
0x042,BMS(HV) BOT,PRIMARY,Pack_Current,100,설정(임의),전력·가속도 해상도 필요
0x043,BMS(HV) BOT,PRIMARY,SOC_Permille,100,설정(임의),전력·가속도 해상도 필요
0x044,BMS(HV) TOP,PRIMARY,Global_Fault,100,설정(임의),전력·가속도 해상도 필요
0x045,BMS(HV) TOP,PRIMARY,Stack_Voltage,100,설정(임의),전력·가속도 해상도 필요
0x046,BMS(HV) TOP,PRIMARY,MaxCell_Voltage,100,설정(임의),전력·가속도 해상도 필요
0x047,BMS(HV) TOP,PRIMARY,SOC_Permille,100,설정(임의),전력·가속도 해상도 필요
0x402,Motor,PRIMARY,Bus_Voltage,100,설정(임의),전력·가속도 해상도 필요
0x403,Motor,PRIMARY,Motor_Velocity,100,설정(임의),전력·가속도 해상도 필요
0x6F4,BMS(LV),PRIMARY,팩 충전 상태,100,설정(임의),전력·가속도 해상도 필요
0x6FA,BMS(LV),PRIMARY,배터리 팩 전체 전압,100,설정(임의),전력·가속도 해상도 필요
0x048,BMS(HV) BOT,DETAIL(셀전압),Cell[0..15] 전압,1000,설정(임의),
0x049,BMS(HV) BOT,DETAIL(셀전압),Cell[0..15] 전압,1000,설정(임의),
0x04A,BMS(HV) BOT,DETAIL(셀전압),Cell[0..15] 전압,1000,설정(임의),
0x04B,BMS(HV) BOT,DETAIL(셀전압),Cell[0..15] 전압,1000,설정(임의),
0x04C,BMS(HV) BOT,DETAIL(온도),CellTemp,1000,설정(임의),
0x04D,BMS(HV) BOT,DETAIL(온도),AvgCellTemp,1000,설정(임의),
0x04E,BMS(HV) BOT,DETAIL(쿨롱),AccumChargeInt,1000,설정(임의),
0x04F,BMS(HV) BOT,DETAIL(쿨롱),AccumChargeTime,1000,설정(임의),
0x050,BMS(HV) BOT,DETAIL(쿨롱),CC3Counts,1000,설정(임의),
0x051,BMS(HV) TOP,DETAIL(셀전압),BOT과 동일 항목,1000,설정(임의),
0x052,BMS(HV) TOP,DETAIL(셀전압),BOT과 동일 항목,1000,설정(임의),
0x053,BMS(HV) TOP,DETAIL(셀전압),BOT과 동일 항목,1000,설정(임의),
0x054,BMS(HV) TOP,DETAIL(셀전압),BOT과 동일 항목,1000,설정(임의),
0x055,BMS(HV) TOP,DETAIL(온도),BOT 0x04C와 동일 항목,1000,설정(임의),
0x056,BMS(HV) TOP,DETAIL(온도),BOT 0x04D와 동일 항목,1000,설정(임의),
0x057,BMS(HV) TOP,DETAIL(쿨롱),BOT 0x04E와 동일 항목,1000,설정(임의),
0x058,BMS(HV) TOP,DETAIL(쿨롱),BOT 0x04F와 동일 항목,1000,설정(임의),
0x059,BMS(HV) TOP,DETAIL(쿨롱),BOT 0x050과 동일 항목,1000,설정(임의),
0x05A,BMS(HV) BOT,SD_ONLY(SAFETY),PF_ProtectionsTriggered,1000,설정(임의),
0x05B,BMS(HV) BOT,SD_ONLY(PF),PFStatus A/B/C/D,1000,설정(임의),
0x05C,BMS(HV) BOT,SD_ONLY(밸런싱),CB_Status1,1000,설정(임의),
0x05D,BMS(HV) BOT,SD_ONLY(CUV),CUV,1000,설정(임의),
0x05E,BMS(HV) BOT,SD_ONLY(CUV),CUV,1000,설정(임의),
0x05F,BMS(HV) BOT,SD_ONLY(CUV),CUV,1000,설정(임의),
0x060,BMS(HV) BOT,SD_ONLY(CUV),CUV,1000,설정(임의),
0x061,BMS(HV) BOT,SD_ONLY(COV),COV,1000,설정(임의),
0x062,BMS(HV) BOT,SD_ONLY(COV),COV,1000,설정(임의),
0x063,BMS(HV) BOT,SD_ONLY(COV),COV,1000,설정(임의),
0x064,BMS(HV) BOT,SD_ONLY(COV),COV,1000,설정(임의),
0x065,BMS(HV) BOT,SD_ONLY(밸런싱),CB_Status2[0..15] 비트맵,1000,설정(임의),
0x066,BMS(HV) BOT,SD_ONLY(밸런싱),CB_Status2[0..15] 비트맵,1000,설정(임의),
0x067,BMS(HV) BOT,SD_ONLY(밸런싱),CB_Status2[0..15] 비트맵,1000,설정(임의),
0x068,BMS(HV) BOT,SD_ONLY(밸런싱),CB_Status2[0..15] 비트맵,1000,설정(임의),
0x069,BMS(HV) BOT,SD_ONLY(밸런싱),CB_Status3[0..15] 비트맵,1000,설정(임의),
0x06A,BMS(HV) BOT,SD_ONLY(밸런싱),CB_Status3[0..15] 비트맵,1000,설정(임의),
0x06B,BMS(HV) BOT,SD_ONLY(밸런싱),CB_Status3[0..15] 비트맵,1000,설정(임의),
0x06C,BMS(HV) BOT,SD_ONLY(밸런싱),CB_Status3[0..15] 비트맵,1000,설정(임의),
0x06D,BMS(HV) TOP,SD_ONLY(SAFETY/PF),BOT과 동일 항목,1000,설정(임의),
0x070,BMS(HV) TOP,SD_ONLY(CUV),BOT과 동일 항목,1000,설정(임의),
0x071,BMS(HV) TOP,SD_ONLY(CUV),BOT과 동일 항목,1000,설정(임의),
0x072,BMS(HV) TOP,SD_ONLY(CUV),BOT과 동일 항목,1000,설정(임의),
0x073,BMS(HV) TOP,SD_ONLY(CUV),BOT과 동일 항목,1000,설정(임의),
0x074,BMS(HV) TOP,SD_ONLY(COV),BOT과 동일 항목,1000,설정(임의),
0x075,BMS(HV) TOP,SD_ONLY(COV),BOT과 동일 항목,1000,설정(임의),
0x076,BMS(HV) TOP,SD_ONLY(COV),BOT과 동일 항목,1000,설정(임의),
0x077,BMS(HV) TOP,SD_ONLY(COV),BOT과 동일 항목,1000,설정(임의),
0x078,BMS(HV) TOP,SD_ONLY(밸런싱),BOT과 동일 항목,1000,설정(임의),
0x079,BMS(HV) TOP,SD_ONLY(밸런싱),BOT과 동일 항목,1000,설정(임의),
0x07A,BMS(HV) TOP,SD_ONLY(밸런싱),BOT과 동일 항목,1000,설정(임의),
0x07B,BMS(HV) TOP,SD_ONLY(밸런싱),BOT과 동일 항목,1000,설정(임의),
0x123,BMS(HV) BOT,SD_ONLY(LEGACY),FET_Status,1000,설정(임의),
0x223,BMS(HV) TOP,SD_ONLY(LEGACY),FET_Status,1000,설정(임의),
0x310,MPPT #1,PRIMARY,Input_Voltage,1000,설정(임의),
0x311,MPPT #1,PRIMARY,Output_Voltage,1000,설정(임의),
0x312,MPPT #1,DETAIL,Mosfet_Temp,1000,설정(임의),
0x313,MPPT #1,SD_ONLY,12V_Aux,1000,설정(임의),
0x314,MPPT #1,DETAIL,MaxOutput_Voltage,1000,설정(임의),
0x315,MPPT #1,DETAIL,Error_Flags,1000,설정(임의),
0x316,MPPT #1,DETAIL,PowerConn_Voltage,1000,설정(임의),
0x320,MPPT #2,-,#1과 동일 오프셋 구조,1000,설정(임의),
0x321,MPPT #2,-,#1과 동일 오프셋 구조,1000,설정(임의),
0x322,MPPT #2,-,#1과 동일 오프셋 구조,1000,설정(임의),
0x323,MPPT #2,-,#1과 동일 오프셋 구조,1000,설정(임의),
0x324,MPPT #2,-,#1과 동일 오프셋 구조,1000,설정(임의),
0x325,MPPT #2,-,#1과 동일 오프셋 구조,1000,설정(임의),
0x326,MPPT #2,-,#1과 동일 오프셋 구조,1000,설정(임의),
0x330,MPPT #3,-,#1과 동일 오프셋 구조,1000,설정(임의),
0x331,MPPT #3,-,#1과 동일 오프셋 구조,1000,설정(임의),
0x332,MPPT #3,-,#1과 동일 오프셋 구조,1000,설정(임의),
0x333,MPPT #3,-,#1과 동일 오프셋 구조,1000,설정(임의),
0x334,MPPT #3,-,#1과 동일 오프셋 구조,1000,설정(임의),
0x335,MPPT #3,-,#1과 동일 오프셋 구조,1000,설정(임의),
0x336,MPPT #3,-,#1과 동일 오프셋 구조,1000,설정(임의),
0x401,Motor,DETAIL,Limit_Flags,1000,설정(임의),
0x404,Motor,DETAIL,Phase_B_Current,1000,설정(임의),
0x405,Motor,SD_ONLY,Vd,1000,설정(임의),
0x406,Motor,SD_ONLY,Id,1000,설정(임의),
0x407,Motor,PRIMARY,BEMFd,1000,설정(임의),
0x408,Motor,SD_ONLY,15V 레일,1000,설정(임의),
0x409,Motor,SD_ONLY,3.3V 레일,1000,설정(임의),
0x40B,Motor,PRIMARY,Motor_Temp,1000,설정(임의),
0x40C,Motor,DETAIL,DSP_Board_Temp,1000,설정(임의),
0x40E,Motor,PRIMARY,Odometer,1000,설정(임의),
0x417,Motor,SD_ONLY,Slip_Speed,1000,설정(임의),
0x600,BMS(LV),SD_ONLY,DeviceID,1000,설정(임의),
0x601,BMS(LV),DETAIL,CMU,1000,설정(임의),
0x602,BMS(LV),DETAIL,CMU,1000,설정(임의),
0x603,BMS(LV),DETAIL,CMU,1000,설정(임의),
0x6F5,BMS(LV),DETAIL,밸런싱 SoC 정보,1000,설정(임의),
0x6F6,BMS(LV),DETAIL,충전기,1000,설정(임의),
0x6F7,BMS(LV),DETAIL,프리차지,1000,설정(임의),
0x6F8,BMS(LV),DETAIL,전체 배터리 팩 내 최소/최대 셀 전압 값과 해당 셀이 위치한 CMU 번호,1000,설정(임의),
0x6F9,BMS(LV),DETAIL,최소/최대 셀 온도 값과 해당 CMU 번호,1000,설정(임의),
0x6FB,BMS(LV),DETAIL,배터리 팩 상태 플래그,1000,설정(임의),
0x6FC,BMS(LV),DETAIL,팩 쿨링 팬 속도,1000,설정(임의),
0x6FD,BMS(LV),SD_ONLY,확장된 배터리 팩 상태 정보,1000,설정(임의),
